BUSINESS_NAME,PHONE,EMAIL,CITY,ADDRESS,REVIEWS,WEBSITE
CABS Heating & Air Conditioning,+1 916-243-6431,info@cabshvac.com,West Sacramento,"950 Riverside Pkwy Suite 70, West Sacramento, CA 95605, United States",636,http://cabshvac.com/
Big Mountain Heating & Air Conditioning,+1 916-301-4315,Not found,Sacramento,"1670 Bell Ave #110, Sacramento, CA 95838, United States",1,https://www.bigmountainair.com/
Jaguar Heating & Air,+1 916-256-4447,Not found,Sacramento,"501 W St, Sacramento, CA 95818, United States",1,https://www.jaguarheatingandair.com/
Beutler Air Conditioning and Plumbing,+1 916-647-8273,Not found,Sacramento,"855 National Dr #109, Sacramento, CA 95834, United States",2,http://beutler.com/
AirTech Pros,+1 530-303-2225,customerservice@airtechpros.com,Sacramento,"10210 Systems Pkwy #370, Sacramento, CA 95827, United States",1,https://airtechpros.com/?utm_source=google&utm_medium=organic&utm_campaign=gbp
Love and Care Heating and Air LLC,+1 916-714-1143,helloloveandcarehvac@gmail.com,Sacramento,"9901 Horn Rd ste a, Sacramento, CA 95827, United States",217,https://www.loveandcarehvac.com/
Rey's Air Solution Inc,+1 916-616-1456,Not found,West Sacramento,"1550 Jefferson Blvd, West Sacramento, CA 95691, United States",574,https://reysair.com/
"Clarke & Rush Mechanical, HVAC, Plumbing, Windows & Insulation",+1 916-609-2667,comfortconsultant@clarke-rush.com,Sacramento,"4411 Auburn Blvd, Sacramento, CA 95841, United States",1,https://clarke-rush.com/?utm_source=organic&utm_medium=gbp_listing
"Atticman Heating and Air Conditioning, Insulation",+1 916-299-7558,chosen-sprite@2x.png,Sacramento,"9745 Business Park Dr F, Sacramento, CA 95827, United States",2,https://atticmanhvac.com/?utm_source=google&utm_medium=organic&utm_campaign=gmb&utm_id=GBP
Prime Genius Heating & Air,+1 916-800-4007,Contact@primegeniusinc.com,West Sacramento,"1275 Halyard Dr # 175, West Sacramento, CA 95691, United States",351,https://primegeniusinc.com/
