name,category,rating,phone,website,address,email,city
"New York City Electricians","","৪.৭","
+1 646-340-9882","https://newyorkcityelectricianss.com/","
50 St Marks Pl, New York, NY 10003, মার্কিন যুক্তরাষ্ট্র","skysk8282@gmail.com","NY 10003"
"H&A Electrician","","৪.৭","
+1 646-351-0882","https://www.bestnycelectricianmanhattan.com/","
40 Fulton St, New York, NY 10038, মার্কিন যুক্তরাষ্ট্র","mrabidakash02@gmail.com","NY 10038"
"Apollo Electric","","৪.৮","
+1 212-643-8541","http://apollonyc.com/","
127 W 24 St 5th floor, New York, NY 10011, মার্কিন যুক্তরাষ্ট্র","mrabidakash01@gmail.com","NY 10011"
